Date,Open,High,Low,Close,Adj Close,Volume
5/26/2020,186.339996,186.5,181.100006,181.570007,178.372284,36073600
5/27/2020,180.199997,181.990005,176.600006,181.809998,178.608047,39517100
5/28/2020,180.740005,184.149994,180.380005,181.399994,178.205276,33810200
5/29/2020,182.729996,184.270004,180.410004,183.25,180.022705,42130400
6/1/2020,182.539993,183,181.460007,182.830002,179.610092,22622400
6/2/2020,184.25,185,181.350006,184.910004,181.653473,30794600
6/3/2020,184.820007,185.940002,183.580002,185.360001,182.095535,27311000
6/4/2020,184.300003,185.839996,182.300003,182.919998,179.698502,28761800
6/5/2020,182.619995,187.729996,182.009995,187.199997,183.903122,39893600
6/8/2020,185.940002,188.550003,184.440002,188.360001,185.042709,33211600
6/9/2020,188,190.699997,187.259995,189.800003,186.457352,29783900
6/10/2020,191.130005,198.520004,191.009995,196.839996,193.373367,43872300
6/11/2020,193.130005,195.759995,186.070007,186.270004,182.989532,52854700
6/12/2020,190.539993,191.720001,185.179993,187.740005,184.433655,43373600
6/15/2020,184.580002,190.820007,184.009995,188.940002,185.612473,32770200
6/16/2020,192.889999,195.580002,191.460007,193.570007,190.160965,42556700
6/17/2020,195.029999,196.320007,193.690002,194.240005,190.819153,25687800
6/18/2020,194,196.490005,194,196.320007,192.862534,23061600
6/19/2020,198.589996,199.289993,194.369995,195.149994,191.71312,44441100
6/22/2020,195.789993,200.759995,195.229996,200.570007,197.037689,32818900
6/23/2020,202.089996,203.949997,201.429993,201.910004,198.35408,30917400
6/24/2020,201.600006,203.25,196.559998,197.839996,194.355759,36740600
6/25/2020,197.800003,200.610001,195.470001,200.339996,196.811737,27803900
6/26/2020,199.729996,199.889999,194.880005,196.330002,192.872345,54675800
6/29/2020,195.779999,198.529999,193.550003,198.440002,194.945175,26701600
6/30/2020,197.880005,204.399994,197.740005,203.509995,199.925888,34310300
7/1/2020,203.139999,206.350006,201.770004,204.699997,201.094925,32061200
7/2/2020,205.679993,208.020004,205,206.259995,202.627457,29315800
7/6/2020,208.830002,211.130005,208.089996,210.699997,206.989243,31897600
7/7/2020,210.449997,214.669998,207.990005,208.25,204.582413,33600700
7/8/2020,210.070007,213.259995,208.690002,212.830002,209.081741,33600000
7/9/2020,216.330002,216.380005,211.470001,214.320007,210.545532,33121700
7/10/2020,213.619995,214.080002,211.080002,213.669998,209.906967,26177600
7/13/2020,214.479996,215.800003,206.5,207.070007,203.423203,38135600
7/14/2020,206.130005,208.850006,202.029999,208.350006,204.680634,37591800
7/15/2020,209.559998,211.330002,205.029999,208.039993,204.376114,32179400
7/16/2020,205.399994,205.699997,202.309998,203.919998,200.328674,29940700
7/17/2020,204.470001,205.039993,201.389999,202.880005,199.306992,31635300
7/20/2020,205,212.300003,203.009995,211.600006,207.873428,36884800
7/21/2020,213.660004,213.940002,208.029999,208.75,205.073624,37990400
7/22/2020,209.199997,212.300003,208.389999,211.75,208.020782,49605700
7/23/2020,207.190002,210.919998,202.149994,202.539993,198.972961,67457000
7/24/2020,200.419998,202.860001,197.509995,201.300003,197.754807,39827000
7/27/2020,201.470001,203.970001,200.860001,203.850006,200.259918,30160900
7/28/2020,203.610001,204.699997,201.740005,202.020004,198.462158,23251400
7/29/2020,202.5,204.649994,202.009995,204.059998,200.466202,19632600
7/30/2020,201,204.460007,199.570007,203.899994,200.309006,25079600
7/31/2020,204.399994,205.100006,199.009995,205.009995,201.39946,51044000
8/3/2020,211.520004,217.639999,210.440002,216.539993,212.72641,78983000
8/4/2020,214.169998,214.770004,210.309998,213.289993,209.533646,49280100
8/5/2020,214.899994,215,211.570007,212.940002,209.189804,28806400
8/6/2020,212.339996,216.369995,211.550003,216.350006,212.539749,32656800
8/7/2020,214.850006,215.699997,210.929993,212.479996,208.73793,27820400
8/10/2020,211.669998,211.880005,206.350006,208.25,204.582413,36716500
8/11/2020,207.160004,207.649994,203.139999,203.380005,199.798157,36446500
8/12/2020,205.289993,210.279999,204.75,209.190002,205.505844,28013100
8/13/2020,209.440002,211.350006,208.149994,208.699997,205.024475,22588900
8/14/2020,208.759995,209.589996,207.509995,208.899994,205.220947,17958900
8/17/2020,209.600006,211.190002,208.919998,210.279999,206.576675,20184800
8/18/2020,210.529999,212.360001,209.210007,211.490005,207.76535,21336200
8/19/2020,211.490005,212.100006,209.25,209.699997,206.504852,27627600
8/20/2020,209.539993,215,208.910004,214.580002,211.310501,26981500
8/21/2020,213.860001,216.25,212.850006,213.020004,209.774277,36249300
8/24/2020,214.789993,215.520004,212.429993,213.690002,210.434067,25460100
8/25/2020,213.100006,216.610001,213.100006,216.470001,213.171692,23043700
8/26/2020,217.880005,222.089996,217.360001,221.149994,217.780396,39600800
8/27/2020,222.889999,231.149994,219.399994,226.580002,223.127655,57602200
8/28/2020,228.179993,230.639999,226.580002,228.910004,225.422165,26292900
8/31/2020,227,228.699997,224.309998,225.529999,222.093658,28774200
9/1/2020,225.509995,227.449997,224.429993,227.270004,223.807175,25725500
9/2/2020,227.970001,232.860001,227.350006,231.649994,228.120407,34080800
9/3/2020,229.270004,229.309998,214.960007,217.300003,213.989075,58400300
9/4/2020,215.100006,218.360001,205.190002,214.25,210.985519,59664100
9/8/2020,206.5,210.029999,202.199997,202.660004,199.572113,52924300
9/9/2020,207.600006,214.839996,206.699997,211.289993,208.070618,45679000
9/10/2020,213.399994,214.740005,204.110001,205.369995,202.240845,35461500
9/11/2020,207.199997,208.630005,201.240005,204.029999,200.921234,33620100
9/14/2020,204.240005,209.199997,204.029999,205.410004,202.280228,30375800
9/15/2020,208.419998,209.779999,206.929993,208.779999,205.598877,21823900
9/16/2020,210.619995,210.649994,204.639999,205.050003,201.925705,26328100
9/17/2020,200.050003,204.330002,199.960007,202.910004,199.818329,34011300
9/18/2020,202.800003,203.649994,196.25,200.389999,197.336731,55225300
9/21/2020,197.190002,202.710007,196.380005,202.539993,199.453949,39839700
9/22/2020,205.059998,208.100006,202.080002,207.419998,204.259628,33517100
9/23/2020,207.899994,208.100006,200.029999,200.589996,197.533676,30803800
9/24/2020,199.850006,205.570007,199.199997,203.190002,200.09404,31202500
9/25/2020,203.550003,209.039993,202.539993,207.820007,204.653503,29437300
9/28/2020,210.880005,212.570007,208.059998,209.440002,206.24884,32004900
9/29/2020,209.350006,210.070007,206.809998,207.259995,204.102036,24221900
9/30/2020,207.729996,211.979996,206.539993,210.330002,207.125275,33829100
10/1/2020,213.490005,213.990005,211.320007,212.460007,209.222809,27158400
10/2/2020,208,210.990005,205.539993,206.190002,203.04834,33154800
10/5/2020,207.220001,210.410004,206.979996,210.380005,207.17453,21331600
10/6/2020,208.820007,210.179993,204.820007,205.910004,202.772614,28554300
10/7/2020,207.059998,210.110001,206.720001,209.830002,206.632889,25681100
10/8/2020,210.509995,211.190002,208.320007,210.580002,207.371475,19925800
10/9/2020,211.229996,215.860001,211.229996,215.809998,212.521759,26458000
10/12/2020,218.789993,223.860001,216.809998,221.399994,218.026596,40461400
10/13/2020,222.720001,225.210007,220.429993,222.860001,219.46434,28950800
10/14/2020,223,224.220001,219.130005,220.860001,217.494827,23421700
10/15/2020,217.100006,220.360001,216.009995,219.660004,216.313126,22733100
10/16/2020,220.149994,222.289993,219.320007,219.660004,216.313126,26057900
10/19/2020,220.419998,222.300003,213.720001,214.220001,210.956009,27625800
10/20/2020,215.800003,217.369995,213.089996,214.649994,211.37944,22753500
10/21/2020,213.119995,216.919998,213.119995,214.800003,211.527161,22724900
10/22/2020,213.929993,216.059998,211.699997,214.889999,211.615768,22351500
10/23/2020,215.029999,216.279999,213.160004,216.229996,212.935349,18879600
10/26/2020,213.850006,216.339996,208.100006,210.080002,206.879044,37111600
10/27/2020,211.589996,214.669998,210.330002,213.25,210.000778,36700300
10/28/2020,207.669998,208.839996,202.100006,202.679993,199.591812,51195600
10/29/2020,204.070007,207.360001,203.369995,204.720001,201.600723,31432600
10/30/2020,203.5,204.289993,199.619995,202.470001,199.38504,36953700
11/2/2020,204.289993,205.279999,200.119995,202.330002,199.247147,30842200
11/3/2020,203.889999,208.119995,203.119995,206.429993,203.284683,27512000
11/4/2020,214.020004,218.320007,212.419998,216.389999,213.092911,42311800
11/5/2020,222.039993,224.119995,221.149994,223.289993,219.887787,36080100
11/6/2020,222.259995,224.360001,218.029999,223.720001,220.311234,25231900
11/9/2020,224.440002,228.119995,217.880005,218.389999,215.062454,44395000
11/10/2020,214.5,216.5,209.720001,211.009995,207.794922,44045100
11/11/2020,212.389999,218.039993,212.199997,216.550003,213.250488,29440800
11/12/2020,217.210007,219.110001,214.460007,215.440002,212.15741,21593900
11/13/2020,216.360001,217.419998,214.160004,216.509995,213.21109,18621100
11/16/2020,214.869995,217.740005,214.520004,217.229996,213.920135,24953300
11/17/2020,216.100006,217.679993,214.080002,214.460007,211.192337,24154100
11/18/2020,213.649994,215.169998,210.929993,211.080002,208.40802,28372800
11/19/2020,211.380005,213.029999,209.929993,212.419998,209.731079,24792700
11/20/2020,212.199997,213.289993,210,210.389999,207.726746,22843100
11/23/2020,210.949997,212.289993,208.160004,210.110001,207.450302,25683500
11/24/2020,209.589996,214.25,208.860001,213.860001,211.152832,33979700
11/25/2020,215.110001,215.289993,212.460007,213.869995,211.16272,21012900
11/27/2020,214.850006,216.270004,214.039993,215.229996,212.505493,14512200
11/30/2020,214.100006,214.759995,210.839996,214.070007,211.360214,33064800
12/1/2020,214.509995,217.320007,213.350006,216.210007,213.473114,30904500
12/2/2020,214.880005,215.470001,212.800003,215.369995,212.643723,23724500
12/3/2020,214.610001,216.380005,213.649994,214.240005,211.52803,25120900
12/4/2020,214.220001,215.380005,213.179993,214.360001,211.64653,24666000
12/7/2020,214.369995,215.539993,212.990005,214.289993,211.577377,24620000
12/8/2020,213.970001,216.949997,212.889999,216.009995,213.275635,23284100
12/9/2020,215.160004,215.229996,211.210007,211.800003,209.118927,32440600
12/10/2020,211.770004,213.080002,210.360001,210.520004,207.855133,26733300
12/11/2020,210.050003,213.320007,209.110001,213.259995,210.56044,30979400
12/14/2020,213.100006,216.210007,212.880005,214.199997,211.488525,28798400
12/15/2020,215.169998,215.419998,212.240005,214.130005,211.419434,27000600
12/16/2020,214.75,220.110001,214.720001,219.279999,216.504227,35023300
12/17/2020,219.869995,220.889999,217.919998,219.419998,216.642471,32515800
12/18/2020,218.589996,219.690002,216.020004,218.589996,215.822968,63354900
12/21/2020,217.550003,224,217.279999,222.589996,219.772324,37181900
12/22/2020,222.690002,225.630005,221.850006,223.940002,221.10524,22612200
12/23/2020,223.110001,223.559998,220.800003,221.020004,218.222198,18699600
12/24/2020,221.419998,223.610001,221.199997,222.75,219.930313,10550600
12/28/2020,224.449997,226.029999,223.020004,224.960007,222.11235,17933500
12/29/2020,226.309998,227.179993,223.580002,224.149994,221.312592,17403200
12/30/2020,225.229996,225.630005,221.470001,221.679993,218.873856,20272300
12/31/2020,221.699997,223,219.679993,222.419998,219.604477,20942100
1/4/2021,222.529999,223,214.809998,217.690002,214.934357,37130100
1/5/2021,217.259995,218.520004,215.699997,217.899994,215.141693,23823000
1/6/2021,212.169998,216.490005,211.940002,212.25,209.563217,35930700
1/7/2021,214.039993,219.339996,213.710007,218.289993,215.526764,27694500
1/8/2021,218.679993,220.580002,217.029999,219.619995,216.839935,22956200
1/11/2021,218.470001,218.910004,216.729996,217.490005,214.736877,23031300
1/12/2021,216.5,217.100006,213.320007,214.929993,212.209274,23249300
1/13/2021,214.020004,216.759995,213.929993,216.339996,213.601456,20087100
1/14/2021,215.910004,217.460007,212.740005,213.020004,210.323486,29480800
1/15/2021,213.520004,214.509995,212.029999,212.649994,209.958145,31746500
1/19/2021,213.75,216.979996,212.630005,216.440002,213.700195,30480900
1/20/2021,217.699997,225.789993,217.289993,224.339996,221.500153,37777300
1/21/2021,224.699997,226.300003,222.419998,224.970001,222.122208,30709400
1/22/2021,227.080002,230.070007,225.800003,225.949997,223.089798,30172700
1/25/2021,229.119995,229.779999,224.220001,229.529999,226.624481,33152100
1/26/2021,231.860001,234.179993,230.080002,232.330002,229.389053,49169600
1/27/2021,238,240.440002,230.139999,232.899994,229.951813,69870600
1/28/2021,235.610001,242.639999,235.089996,238.929993,235.905472,49111200
1/29/2021,235.990005,238.020004,231.350006,231.960007,229.023727,42503100
2/1/2021,235.059998,242.5,232.429993,239.649994,236.616394,33314200
2/2/2021,241.300003,242.309998,238.690002,239.509995,236.47818,25916300
2/3/2021,239.570007,245.089996,239.259995,243,239.923981,27158100
2/4/2021,242.660004,243.240005,240.369995,242.009995,238.946487,25296100
2/5/2021,242.229996,243.279999,240.419998,242.199997,239.134109,18054800
2/8/2021,243.149994,243.679993,240.809998,242.470001,239.400696,22211900
2/9/2021,241.869995,244.759995,241.380005,243.770004,240.684235,23565000
2/10/2021,245,245.919998,240.889999,242.820007,239.746262,22186700
2/11/2021,244.779999,245.149994,242.149994,244.490005,241.395126,15751100
2/12/2021,243.929993,245.300003,242.729996,244.990005,241.888779,16561100
2/16/2021,245.029999,246.130005,242.919998,243.699997,240.615112,26728500
2/17/2021,241.320007,244.309998,240.940002,244.199997,241.664108,21653500
2/18/2021,241.800003,243.929993,240.860001,243.789993,241.258331,16925600
2/19/2021,243.75,243.860001,240.179993,240.970001,238.467651,25262600
2/22/2021,237.419998,237.929993,232.399994,234.509995,232.074722,36446900
2/23/2021,230.330002,234.830002,228.729996,233.270004,230.84761,30228700
2/24/2021,230.009995,235.199997,229,234.550003,232.114319,26339700
2/25/2021,232.080002,234.589996,227.880005,228.990005,226.612061,39542200
2/26/2021,231.529999,235.369995,229.539993,232.380005,229.966858,37819200
3/1/2021,235.899994,237.470001,233.149994,236.940002,234.479492,25324000
3/2/2021,237.009995,237.300003,233.449997,233.869995,231.44136,22812500
3/3/2021,232.160004,233.580002,227.259995,227.559998,225.196899,34029500
3/4/2021,226.740005,232.490005,224.259995,226.729996,224.375519,44727800
3/5/2021,229.520004,233.270004,226.460007,231.600006,229.194962,41872800
3/8/2021,231.369995,233.369995,227.130005,227.389999,225.028671,35267400
3/9/2021,232.880005,235.380005,231.669998,233.779999,231.35231,33080500
3/10/2021,237,237,232.039993,232.419998,230.006439,29746800
3/11/2021,234.960007,239.169998,234.309998,237.130005,234.667526,29907600
3/12/2021,234.009995,235.820007,233.229996,235.75,233.301849,22653700
3/15/2021,234.960007,235.190002,231.809998,234.809998,232.371613,26034900
3/16/2021,236.279999,240.059998,235.940002,237.710007,235.241486,28092200
3/17/2021,236.149994,238.550003,233.229996,237.039993,234.578445,29562100
3/18/2021,232.559998,234.190002,230.330002,230.720001,228.324097,34833000
3/19/2021,231.020004,232.470001,229.350006,230.350006,227.957932,46430700
3/22/2021,230.270004,236.899994,230.139999,235.990005,233.539352,30127000
3/23/2021,237.490005,241.050003,237.070007,237.580002,235.112839,31638400
3/24/2021,237.850006,238,235.320007,235.460007,233.014877,25620100
3/25/2021,235.300003,236.940002,231.570007,232.339996,229.927261,34061900
3/26/2021,231.550003,236.710007,231.550003,236.479996,234.024261,25479900
3/29/2021,236.589996,236.800003,231.880005,235.240005,232.79715,25227500
3/30/2021,233.529999,233.850006,231.100006,231.850006,229.442352,24792000
3/31/2021,232.910004,239.100006,232.389999,235.770004,233.32164,43623500
4/1/2021,238.470001,242.839996,238.050003,242.350006,239.833313,30338000
4/5/2021,242.759995,249.960007,242.699997,249.070007,246.483536,36910600
4/6/2021,247.610001,249.399994,246.880005,247.860001,245.286102,22931900
4/7/2021,247.809998,250.929993,247.190002,249.899994,247.304886,22719800
4/8/2021,252.770004,254.139999,252,253.25,250.620117,23625200
4/9/2021,252.869995,255.990005,252.440002,255.850006,253.19313,24326800
4/12/2021,254.710007,257.670013,254.619995,255.910004,253.252502,27148700
4/13/2021,257.26001,259.190002,256.829987,258.48999,255.805679,23837500
4/14/2021,257.480011,258.829987,255.160004,255.589996,252.935806,23070900
4/15/2021,257.929993,259.929993,257.730011,259.5,256.805206,25627500
4/16/2021,259.470001,261,257.600006,260.73999,258.032349,24878600
4/19/2021,260.190002,261.480011,257.820007,258.73999,256.053131,23209300
4/20/2021,257.820007,260.200012,256.839996,258.26001,255.57814,19722900
4/21/2021,258.940002,260.679993,257.25,260.579987,257.873993,24030400
4/22/2021,260.209991,261.779999,255.639999,257.170013,254.499405,25606200
4/23/2021,257.880005,261.51001,257.269989,261.149994,258.43808,21462600
4/26/2021,261.660004,262.440002,260.170013,261.549988,258.833923,19763300
4/27/2021,261.579987,263.190002,260.119995,261.970001,259.249573,31014200
4/28/2021,256.079987,256.540009,252.949997,254.559998,251.916504,46903100
4/29/2021,255.460007,256.100006,249,252.509995,249.887802,40589000
4/30/2021,249.740005,253.080002,249.600006,252.179993,249.561218,30945100
5/3/2021,253.399994,254.350006,251.119995,251.860001,249.244553,19626600
5/4/2021,250.970001,251.210007,245.759995,247.789993,245.216812,32756100
5/5/2021,249.059998,249.5,245.820007,246.470001,243.910522,21901300
5/6/2021,246.449997,249.860001,244.690002,249.729996,247.136688,26491100
5/7/2021,252.149994,254.300003,251.169998,252.460007,249.838318,27032900
5/10/2021,250.869995,251.729996,247.119995,247.179993,244.613144,29299900
5/11/2021,244.550003,246.600006,242.570007,246.229996,243.673019,33641600
5/12/2021,242.169998,244.380005,238.070007,239,236.518097,36684400
5/13/2021,241.800003,245.600006,241.419998,243.029999,240.506256,29624300
5/14/2021,245.580002,249.179993,245.490005,248.149994,245.573074,23901100
5/17/2021,246.550003,246.589996,243.520004,245.179993,242.633942,24970200
5/18/2021,246.270004,246.410004,242.899994,243.080002,240.55574,20168000
5/19/2021,239.309998,243.229996,238.600006,243.119995,241.150864,25739800
5/20/2021,243.960007,247.949997,243.860001,246.479996,244.483658,21800700
5/21/2021,247.570007,248.330002,244.740005,245.169998,243.18428,21863100
5/24/2021,247.789993,251.160004,247.509995,250.779999,248.748825,21411500
5/25/2021,251.770004,252.75,250.820007,251.720001,249.681229,17704300
5/26/2021,251.429993,252.940002,250.75,251.490005,249.453094,17771600
5/27/2021,251.169998,251.479996,249.25,249.309998,247.290741,24426200
5/28/2021,251,252.080002,249.559998,249.679993,247.65773,18270200
6/1/2021,251.229996,251.289993,246.960007,247.399994,245.396194,23213300
6/2/2021,248.130005,249.270004,245.839996,247.300003,245.297012,19406700
6/3/2021,245.220001,246.339996,243,245.710007,243.71991,25307700
6/4/2021,247.759995,251.649994,247.509995,250.789993,248.758743,25281100
6/7/2021,249.979996,254.089996,249.809998,253.809998,251.754288,23079200
6/8/2021,255.160004,256.01001,252.509995,252.570007,250.524338,22455000
6/9/2021,253.809998,255.529999,253.210007,253.589996,251.536057,17937600
6/10/2021,254.289993,257.459991,253.669998,257.23999,255.156509,24563600
6/11/2021,257.98999,258.48999,256.609985,257.890015,255.80127,18999700
6/14/2021,257.899994,259.950012,256.799988,259.890015,257.785065,19150500
6/15/2021,259.769989,259.98999,257.679993,258.359985,256.267426,18038900
6/16/2021,259.399994,260.579987,254.419998,257.380005,255.295349,27220000
6/17/2021,256.070007,261.75,256.01001,260.899994,258.786835,27565500
6/18/2021,259.630005,262.299988,258.75,259.429993,257.328766,37202200
6/21/2021,259.820007,263.519989,257.920013,262.630005,260.502838,26696100
6/22/2021,262.720001,265.790009,262.399994,265.51001,263.359528,24694100
6/23/2021,265.98999,266.829987,264.429993,265.269989,263.12146,19518700
6/24/2021,266.160004,267.850006,265.470001,266.690002,264.529999,21446900
6/25/2021,266.230011,267.25,264.76001,265.019989,262.873505,25611100
6/28/2021,266.190002,268.899994,265.910004,268.720001,266.543518,19590000
6/29/2021,268.869995,271.649994,267.980011,271.399994,269.201813,19937800
6/30/2021,270.690002,271.359985,269.600006,270.899994,268.705872,21656500
7/1/2021,269.609985,271.839996,269.600006,271.600006,269.400238,16725300
7/2/2021,272.820007,278,272.5,277.649994,275.401215,26458000
7/6/2021,278.029999,279.369995,274.299988,277.660004,275.411102,31565600
7/7/2021,279.399994,280.690002,277.149994,279.929993,277.662689,23260000
7/8/2021,276.899994,278.730011,274.869995,277.420013,275.173065,24618600
7/9/2021,275.720001,278.049988,275.320007,277.940002,275.688873,23916700
7/12/2021,279.160004,279.769989,276.579987,277.320007,275.073883,18931700
7/13/2021,277.519989,282.850006,277.390015,280.980011,278.704224,26120100
7/14/2021,282.350006,283.660004,280.549988,282.51001,280.221832,23113700
7/15/2021,282,282.51001,279.829987,281.029999,278.753845,22604200
7/16/2021,282.070007,284.100006,279.459991,280.75,278.476105,26186800
7/19/2021,278.929993,280.369995,274.450012,277.01001,274.766388,32935600
7/20/2021,278.029999,280.970001,276.26001,279.320007,277.057678,26259700
7/21/2021,278.899994,281.519989,277.290009,281.399994,279.12085,24364300
7/22/2021,283.839996,286.420013,283.420013,286.140015,283.822449,23384100
7/23/2021,287.369995,289.98999,286.5,289.670013,287.323853,22768100
7/26/2021,289,289.690002,286.640015,289.049988,286.708862,23176100
7/27/2021,289.429993,289.579987,282.950012,286.540009,284.219208,33604100
7/28/2021,288.98999,290.149994,283.829987,286.220001,283.901764,33566900
7/29/2021,286.23999,288.619995,286.079987,286.5,284.179535,18168300
7/30/2021,285.170013,286.660004,283.910004,284.910004,282.602386,20944800
8/2/2021,286.359985,286.769989,283.73999,284.820007,282.513153,16267400
8/3/2021,285.420013,287.230011,284,287.119995,284.794495,17879000
8/4/2021,286.220001,287.589996,284.649994,286.51001,284.189453,16191300
8/5/2021,286.880005,289.630005,286.100006,289.519989,287.175049,13900200
8/6/2021,288.51001,289.5,287.619995,289.459991,287.11554,16589300
8/9/2021,289.75,291.549988,287.809998,288.329987,285.99472,16117600
8/10/2021,288.799988,289.25,285.200012,286.440002,284.119995,18616600
8/11/2021,287.209991,288.660004,285.859985,286.950012,284.625916,13955900
8/12/2021,286.630005,289.970001,286.339996,289.809998,287.462708,14561300
8/13/2021,289.480011,292.899994,289.299988,292.850006,290.478088,18249000
8/16/2021,293.190002,294.820007,290.019989,294.600006,292.213928,22507600
8/17/2021,292.390015,293.429993,291.079987,293.079987,290.706207,20075300
8/18/2021,292.040009,294.820007,290.269989,290.730011,288.927338,21813000
8/19/2021,288.690002,297.470001,288.640015,296.769989,294.929871,29850500
8/20/2021,299.720001,305.839996,298.059998,304.359985,302.472809,40817600
8/23/2021,303.25,305.399994,301.850006,304.649994,302.761017,22830200
8/24/2021,305.019989,305.649994,302,302.619995,300.743591,18175800
8/25/2021,304.299988,304.589996,300.420013,302.01001,300.137421,20006100
8/26/2021,300.98999,302.429993,298.950012,299.089996,297.235504,17666100
8/27/2021,298.98999,300.869995,296.829987,299.720001,297.861572,22605700
8/30/2021,301.119995,304.220001,301.059998,303.589996,301.707611,16348100
8/31/2021,304.420013,304.5,301.5,301.880005,300.008209,26285300
9/1/2021,302.869995,305.190002,301.48999,301.829987,299.958496,18983800
9/2/2021,302.200012,303.359985,300.179993,301.149994,299.282715,16285600
9/3/2021,300.98999,302.600006,300.26001,301.140015,299.272797,14747900
9/7/2021,301.01001,301.089996,298.200012,300.179993,298.318726,17180400
9/8/2021,299.779999,300.609985,297.470001,300.209991,298.348511,15046800
9/9/2021,300.820007,302.140015,297,297.25,295.406891,19927000
9/10/2021,298.420013,299.920013,295.380005,295.709991,293.876404,19633400
9/13/2021,297.549988,298.540009,294.079987,296.98999,295.148499,23652900
9/14/2021,299.559998,301.390015,298.100006,299.790009,297.931152,21853400
9/15/2021,303.26001,305.320007,301.820007,304.820007,302.929993,28356300
9/16/2021,303.76001,305.309998,300.76001,305.220001,303.327484,19550800
9/17/2021,304.170013,304.5,299.529999,299.869995,298.01062,41372500
9/20/2021,296.329987,298.720001,289.519989,294.299988,292.475159,38278700
9/21/2021,295.690002,297.540009,294.070007,294.799988,292.972076,22364100
9/22/2021,296.730011,300.220001,294.51001,298.579987,296.728607,26626300
9/23/2021,298.850006,300.899994,297.529999,299.559998,297.702576,18604600
9/24/2021,298.230011,299.799988,296.929993,299.350006,297.493866,14999000
9/27/2021,296.140015,296.470001,292.940002,294.170013,292.346008,23571700
9/28/2021,289.799988,290.779999,282.75,283.519989,281.762054,43186200
9/29/2021,285.100006,286.769989,283.01001,284,282.239044,26353700
9/30/2021,285.709991,287.829987,281.619995,281.920013,280.171967,32343600
10/1/2021,282.119995,289.980011,281.290009,289.100006,287.307434,30086300
10/4/2021,287.399994,287.75,280.25,283.109985,281.354553,31350700
10/5/2021,284.049988,290.399994,284.049988,288.76001,286.969513,24993000
10/6/2021,285.779999,293.630005,285.51001,293.109985,291.292542,28002600
10/7/2021,295.179993,296.640015,293.920013,294.850006,293.02182,20430500
10/8/2021,296.220001,296.640015,293.76001,294.850006,293.02182,17685700
10/11/2021,292.920013,297.970001,292.75,294.230011,292.40564,19298600
10/12/2021,295.339996,295.440002,292.350006,292.880005,291.063995,17974100
10/13/2021,294.910004,297.279999,293.48999,296.309998,294.472748,23416300
10/14/2021,299.209991,303.269989,297.829987,302.75,300.872772,27262900
10/15/2021,302.339996,304.450012,300.519989,304.209991,302.32373,25384800
10/18/2021,303.570007,308.209991,302.690002,307.290009,305.384644,22729300
10/19/2021,308.350006,309.299988,307.220001,308.230011,306.318817,17682100
10/20/2021,309.209991,309.700012,306.109985,307.410004,305.503876,16537100
10/21/2021,307.170013,311.019989,306.359985,310.76001,308.83316,16918100
10/22/2021,310.399994,311.089996,307.799988,309.160004,307.243042,17449300
10/25/2021,309.359985,309.399994,306.459991,308.130005,306.219452,17554500
10/26/2021,311,312.399994,308.600006,310.109985,308.187134,28107300
10/27/2021,316,326.100006,316,323.170013,321.166199,52588700
10/28/2021,324.329987,324.869995,321.359985,324.350006,322.338867,26297900
10/29/2021,324.130005,332,323.899994,331.619995,329.563782,34766000
11/1/2021,331.359985,331.48999,326.369995,329.369995,327.327759,27073200
11/2/2021,330.309998,333.450012,330,333.130005,331.064423,26487100
11/3/2021,333.899994,334.899994,330.649994,334,331.929047,21500100
11/4/2021,332.890015,336.540009,329.51001,336.440002,334.353912,23992200
11/5/2021,338.51001,338.790009,334.420013,336.059998,333.976227,22570100
11/8/2021,337.299988,337.649994,334.440002,336.98999,334.900482,20897000
11/9/2021,337.109985,338.720001,334.529999,335.950012,333.866974,21307400
11/10/2021,334.570007,334.630005,329.920013,330.799988,328.748871,25500900
11/11/2021,331.25,333.769989,330.51001,332.429993,330.368774,16849800
11/12/2021,333.920013,337.230011,333.790009,336.720001,334.632172,23831000
11/15/2021,337.540009,337.880005,334.029999,336.070007,333.986237,16723000
11/16/2021,335.679993,340.670013,335.51001,339.51001,337.404877,20886800
11/17/2021,338.940002,342.190002,338,339.119995,337.63385,19053400
11/18/2021,338.179993,342.450012,337.119995,341.269989,339.774414,22463500
11/19/2021,342.640015,345.100006,342.200012,343.109985,341.606384,21963400
11/22/2021,344.619995,349.670013,339.549988,339.829987,338.340729,31031100
11/23/2021,337.049988,339.450012,333.559998,337.679993,336.200165,30427600
11/24/2021,336.279999,338.160004,333.910004,337.910004,336.429169,21661300
11/26/2021,334.350006,337.929993,328.119995,329.679993,328.235229,24217200
11/29/2021,334.940002,339.029999,334.73999,336.630005,335.154785,28563500
11/30/2021,335.320007,337.779999,328.98999,330.589996,329.141235,42885600
12/1/2021,335.130005,339.279999,329.390015,330.079987,328.633484,33337600
12/2/2021,330.299988,333.48999,327.799988,329.48999,328.046051,30766000
12/3/2021,331.98999,332.700012,318.029999,323.01001,321.594482,41779300
12/6/2021,323.950012,327.450012,319.230011,326.190002,324.760529,30032600
12/7/2021,331.640015,335.799988,330.100006,334.920013,333.452271,31021900
12/8/2021,335.309998,335.5,330.799988,334.970001,333.502045,24761000
12/9/2021,334.410004,336.48999,332.119995,333.100006,331.640228,22214200
12/10/2021,334.980011,343,334.790009,342.540009,341.038879,38095700
12/13/2021,340.679993,343.790009,339.079987,339.399994,337.912628,28899400
12/14/2021,333.220001,334.640015,324.109985,328.339996,326.901093,44438700
12/15/2021,328.609985,335.190002,324.5,334.649994,333.183441,35381100
12/16/2021,335.709991,336.76001,323.019989,324.899994,323.476166,35034800
12/17/2021,320.880005,324.920013,317.25,323.799988,322.380981,47750300
12/20/2021,320.049988,322.799988,317.570007,319.910004,318.508026,28326500
12/21/2021,323.290009,327.730011,319.799988,327.290009,325.855713,24740600
12/22/2021,328.299988,333.609985,325.75,333.200012,331.739838,24831500
12/23/2021,332.75,336.390015,332.730011,334.690002,333.223267,19617800
12/27/2021,335.459991,342.480011,335.429993,342.450012,340.94928,19947000
12/28/2021,343.149994,343.809998,340.320007,341.25,339.754517,15661500
